1,1,2023-12-02T13:39:33.392Z,"{Sunt sit excepturi incidunt suscipit modi assumenda cumque praesentium nam.,Doloribus maiores dolores possimus veniam modi.,Assumenda perspiciatis neque ipsa.,Placeat laudantium ab totam magnam nesciunt sint placeat voluptate.}",Delectus eligendi fugiat.,false
29,1,2023-06-04T03:38:20.214Z,"{Vero fugiat esse veritatis temporibus quos eaque deleniti.,Veniam at ullam eius temporibus nesciunt incidunt.,Repellat harum reiciendis vitae.,Atque quam veniam.}",Repudiandae quasi id.,false
11,4,2023-05-03T14:14:48.535Z,"{Laboriosam expedita quae repellendus voluptatibus sequi qui.,Non excepturi accusamus cumque.,Corrupti minima incidunt.,Ratione rem blanditiis tempora odit amet.}",Nobis laboriosam non soluta at.,true
2,1,2023-07-17T23:05:54.891Z,"{Quisquam recusandae nihil quis.,Magni expedita officia perspiciatis dolorem totam natus similique officiis reiciendis.,Impedit nobis fugiat culpa repellat esse aspernatur possimus consequatur.,Enim rerum aperiam consequatur occaecati vero dicta quibusdam eveniet ad.}",Sequi soluta maiores laudantium.,false
49,1,2023-08-08T22:46:02.659Z,"{Optio culpa fugit dolor.,Commodi quos consequuntur sapiente.,Quidem sunt aliquam amet voluptas vero ullam repudiandae quisquam.,Cum reiciendis pariatur quam quam.}",Iure corrupti reprehenderit quis facere iure.,false
6,1,2023-10-01T06:34:05.655Z,"{Ipsa ab fugiat incidunt qui facilis quo.,Aliquam blanditiis aspernatur unde quibusdam officia quia odit.,Quia temporibus consequuntur amet vel.,Error repellat a aperiam voluptate non blanditiis iste.}",Aliquam modi dicta porro.,true
41,2,2023-10-06T07:26:02.052Z,"{Vero quaerat magnam eaque beatae explicabo error delectus perferendis hic.,In error est qui est accusamus.,Laborum officiis quo.,In repellat voluptatibus asperiores iusto harum non nesciunt perspiciatis debitis.}",Aliquid quo consequuntur minus necessitatibus quaerat corporis architecto veritatis architecto.,false
19,2,2023-12-13T23:01:41.639Z,"{Fugiat sit ullam atque ipsum.,Nobis iure quas debitis.,Sapiente excepturi repudiandae.,Fugiat nihil alias quis eius quo dolores provident ipsa consequatur.}",Officia delectus iure.,true
36,5,2023-10-04T06:35:23.708Z,"{Fugiat nemo occaecati.,Hic vero modi.,Illo nisi quisquam amet quae debitis optio possimus tempora natus.,Reprehenderit earum adipisci eaque praesentium.}",Quos dolores placeat.,true
6,1,2023-11-30T22:49:59.108Z,"{Quidem ab amet ipsam tempora.,Debitis tenetur qui veniam beatae nemo voluptatem quaerat nostrum.,Iste animi iste odit error ea eligendi labore dolores beatae.,Optio dolore a odio fuga illo.}",Repellendus illo ea.,false
31,3,2023-10-23T03:45:07.067Z,"{Ad molestias quae.,Ea ipsum accusamus iste consectetur iusto.,Placeat hic perspiciatis necessitatibus.,Quasi dolor laudantium.}",Odit saepe repudiandae voluptatem ut alias.,false
3,1,2023-06-10T18:15:05.644Z,"{Doloribus maiores in.,Corporis et cupiditate quod molestias.,Earum dicta repudiandae sed.,Minima soluta facilis mollitia cum tempora quam consequatur.}",Corrupti labore corrupti animi amet dolore soluta.,false
48,1,2023-09-01T13:55:55.398Z,"{Cum necessitatibus odit quaerat saepe eaque cum accusamus facere quos.,Ea iusto assumenda quidem laboriosam cumque.,Laborum iste id accusamus culpa quasi officia quidem.,Maxime sed nemo quasi illum pariatur labore.}",Reprehenderit ex deleniti.,true
10,3,2023-08-17T19:06:10.960Z,"{Maxime a laudantium animi molestiae.,Nemo est veniam excepturi magni eaque porro corporis nemo.,Repudiandae voluptas quod perspiciatis cumque.,Numquam culpa dignissimos placeat dolor at perspiciatis.}",Ducimus quidem eligendi.,true
37,2,2023-09-21T18:32:20.703Z,"{Rem voluptas quidem aspernatur iste ad reiciendis debitis hic corporis.,Sunt mollitia natus possimus qui consequuntur.,Ut necessitatibus maxime quibusdam sed.,Consequatur eum tempore in ea quidem.}",Ea dignissimos ducimus adipisci hic eligendi dolores amet magni dolor.,false
14,5,2023-11-10T01:50:56.760Z,"{Qui dolores commodi veniam quam id quas similique cum.,Accusantium doloremque perspiciatis.,Eveniet porro voluptates id aut nisi nihil voluptas aliquam.,Dolores dolores provident occaecati amet fuga sit est.}",Expedita qui eos ducimus temporibus nobis maxime.,false
31,1,2023-09-26T06:10:02.165Z,"{Repudiandae laborum unde saepe animi quod itaque facere iste dolorem.,A omnis ipsam animi eius necessitatibus consequatur nesciunt ratione.,Nisi odit eaque praesentium ducimus in cupiditate expedita ut animi.,Voluptatem itaque officia veritatis.}",Voluptas corporis ipsa neque placeat.,false
49,4,2023-05-04T19:14:23.044Z,"{Quidem ipsa quas dignissimos quaerat accusamus maiores tempore earum.,Facilis odit doloribus accusantium pariatur magni.,Excepturi nam nam illum exercitationem.,Ducimus aut quasi quam.}",Quaerat quaerat aperiam vitae nihil placeat optio.,false
34,5,2023-10-13T17:17:26.836Z,"{Sapiente voluptatem officia porro cupiditate.,Odit accusantium quae eligendi ad expedita odit asperiores debitis.,Necessitatibus eum adipisci quas veritatis architecto vel esse voluptas id.,Iusto incidunt ratione velit dolorum excepturi voluptatem ea vero eos.}",Ea dicta sed rerum corrupti facilis atque soluta incidunt facere.,false
50,5,2023-05-06T14:57:46.107Z,"{Inventore eius officiis quibusdam ratione impedit fuga blanditiis.,Laboriosam mollitia fugit repellendus excepturi nihil iure ex.,Totam ipsam temporibus praesentium suscipit.,Est iste ullam qui molestias laborum a cum expedita sequi.}",Porro temporibus odio fugiat dolorum officiis.,true
23,4,2023-11-08T03:25:45.295Z,"{Laboriosam reprehenderit placeat dolores quod nobis assumenda deleniti atque veniam.,Odit vitae impedit aspernatur quibusdam id.,Aut unde animi voluptatibus.,Occaecati modi corrupti qui.}",Dolorum quia sunt sunt corporis tempore.,true
13,1,2023-06-04T02:32:00.725Z,"{Voluptatibus voluptatum quos dolor eaque dolorem modi voluptas molestias.,Hic harum consequatur officia rerum eum iusto itaque animi eligendi.,Soluta nisi ex accusamus.,Saepe molestias debitis velit fugiat deserunt nihil.}",Nam dolores quo nisi quas cum numquam esse repudiandae minus.,true
13,4,2023-12-27T20:13:02.171Z,"{Quidem rem optio veniam quibusdam officiis.,Quidem illo similique quod molestiae nulla magnam aliquid error nesciunt.,Nisi ratione autem quidem eius temporibus.,Facere minima provident sapiente deserunt.}",Magni cum dolore saepe consequuntur voluptas temporibus temporibus nulla.,false
21,4,2023-08-19T16:40:56.839Z,"{Veritatis ab vero.,Dolor impedit facere harum.,Iste rem temporibus quibusdam consequuntur vel consequatur a totam.,Consequuntur provident suscipit.}",Doloremque ipsa optio occaecati nulla facilis fugit laborum.,true
25,3,2023-09-04T04:32:59.928Z,"{Id ut molestias libero alias explicabo facilis explicabo vel corporis.,Incidunt necessitatibus deleniti porro veniam.,Necessitatibus veniam nobis cumque inventore optio est repudiandae eum.,Corporis similique esse ipsam similique ut maiores necessitatibus atque.}",Commodi sit unde placeat suscipit libero numquam incidunt.,true
41,2,2023-06-05T09:25:35.483Z,"{Nihil dolor adipisci.,Harum eius asperiores quae.,Nisi voluptatem atque natus quisquam animi nemo.,Aut unde doloribus explicabo adipisci eveniet soluta suscipit aut deleniti.}",Esse repudiandae iste.,true
18,2,2023-08-28T10:49:54.368Z,"{Non voluptate sunt praesentium atque.,Est explicabo perferendis molestiae tempore.,Incidunt repellendus magni qui voluptatum iure soluta facere.,Magnam autem mollitia nesciunt labore nihil dolore.}",Saepe nemo aut illum earum asperiores vel labore incidunt.,false
38,5,2023-10-31T21:13:27.756Z,"{Aliquam reprehenderit non.,Velit reiciendis et officia vitae officiis possimus harum.,Hic doloribus reiciendis accusamus.,Sed repellat molestias sed praesentium recusandae distinctio ex.}",Recusandae unde debitis hic ratione aspernatur distinctio.,false
48,4,2023-05-01T20:13:04.176Z,"{Veniam unde neque ipsam ducimus ipsum veniam pariatur harum.,Provident expedita accusantium ad nesciunt.,Odit sed nam voluptatibus.,Aspernatur animi possimus nostrum.}",Voluptates cumque beatae aspernatur quaerat nostrum enim laudantium harum repellendus.,true
23,4,2023-10-19T21:10:46.170Z,"{Voluptatibus libero neque consectetur labore laudantium ullam atque fugiat.,Quo itaque suscipit.,Cupiditate laborum harum qui.,Magni voluptate animi nesciunt.}",Deserunt vel debitis est facere ratione esse.,false
18,5,2023-05-02T20:36:40.277Z,"{Nihil ullam quisquam modi aliquam dignissimos ex magni.,Velit fuga magni unde atque hic amet sed in consequatur.,Beatae minus necessitatibus sequi quam quibusdam dolores.,Illo exercitationem quibusdam laudantium eos.}",Eius ratione tempora aperiam non accusamus.,true
30,2,2023-09-08T19:16:48.609Z,"{Iusto eius reprehenderit velit tenetur exercitationem velit pariatur a modi.,Fugit alias molestiae atque quidem.,Veniam qui numquam ducimus magni rem harum.,Rerum quidem totam saepe explicabo ipsum cumque beatae.}",Aliquid quisquam magnam facere minus sint earum officia distinctio sunt.,false
19,3,2023-11-02T03:23:11.256Z,"{Veniam iste repudiandae esse.,Recusandae eaque voluptatibus quam maiores quam iste.,Sapiente iste praesentium aut odit a excepturi ea.,Impedit accusantium qui blanditiis animi molestias.}",Distinctio sed odio suscipit nemo soluta ullam.,true
15,4,2023-12-18T14:57:04.748Z,"{Facere similique deserunt.,Veniam quia maxime perspiciatis rem.,Error repellendus natus quod ducimus rerum.,Quam ipsa sit.}",Voluptatem ipsa iure nobis molestias blanditiis.,true
23,1,2023-12-18T11:29:10.660Z,"{Quod a sit mollitia commodi recusandae.,Aperiam modi est.,Ullam esse tempore accusantium.,Ipsum nostrum sit.}",Dolorem rerum excepturi magni possimus aperiam occaecati.,false
8,5,2023-07-14T11:09:20.503Z,"{Officia inventore repudiandae a optio.,Eum quis dolorem.,Ut ex officiis occaecati fugit sint possimus perspiciatis delectus.,Aliquid eveniet quod.}",Molestias voluptatem temporibus quidem adipisci delectus sint ut ducimus.,false
18,5,2023-09-21T01:04:38.102Z,"{Provident distinctio eius.,Illum quos aliquam soluta illo ratione assumenda iure ex iusto.,Voluptatibus quas temporibus.,Vel impedit consectetur tempore.}",Pariatur soluta reiciendis facilis hic et dolorum sint consectetur et.,false
8,3,2023-11-03T06:11:59.561Z,"{Ipsum dolores mollitia officia fugit consectetur.,Incidunt odio rem atque iusto quaerat dolores.,Ipsa eaque labore dignissimos inventore soluta non neque libero eos.,Suscipit quisquam alias nisi reiciendis sed voluptate.}",Repellat harum repellendus.,true
9,2,2023-08-14T06:56:57.869Z,"{Exercitationem a blanditiis doloribus sunt non.,Porro fuga non explicabo laboriosam.,Eius omnis doloremque nisi assumenda doloremque corrupti error eum.,Eveniet ipsam quos reiciendis tempora soluta laborum vel.}",Tempore atque recusandae.,true
34,2,2023-11-21T09:05:14.529Z,"{Quaerat eligendi ullam ratione maiores nisi quis iste commodi ad.,Provident earum minima deleniti libero asperiores rerum at ratione doloribus.,Sequi quasi veritatis blanditiis minima possimus vero reprehenderit.,Vitae aperiam iure eaque sapiente voluptatum nam ipsam ad.}",Quam deserunt consequatur.,true
4,3,2023-06-23T23:29:16.349Z,"{Reiciendis aliquam recusandae qui nemo.,Magni aliquid consectetur occaecati aspernatur aspernatur.,Accusantium doloremque id voluptate nisi dignissimos sit.,Voluptates soluta enim temporibus voluptates.}",Quas quidem sit error voluptatem nulla quidem officia.,true
30,2,2023-07-30T10:21:45.210Z,"{Nihil porro aspernatur quam similique officia ipsa placeat.,Dicta aliquid eos natus facilis dolorem nostrum et incidunt cupiditate.,Ad nobis debitis mollitia laudantium quod quod ut totam repellat.,Deserunt officiis non reiciendis quis tenetur tenetur blanditiis.}",Et labore culpa nihil sapiente commodi eum incidunt ab.,false
46,3,2023-11-14T23:53:30.210Z,"{Rerum explicabo minima.,Voluptatum fugiat ducimus neque facere consequatur perferendis rem voluptatum.,Tenetur excepturi illum ratione mollitia.,Repellendus assumenda doloremque id hic itaque expedita ea cumque ex.}",Quisquam aut excepturi illo expedita.,true
8,3,2023-12-29T19:26:56.840Z,"{Molestiae non in dolorem porro voluptatibus accusantium aperiam nulla quas.,Molestias corporis dolores totam corporis sunt placeat exercitationem fuga.,Non sequi molestias odio corporis rerum eligendi qui illum.,Maxime distinctio numquam error.}",Officia saepe mollitia tempora vero dolor voluptatum ratione quae neque.,true
28,3,2023-11-21T23:12:24.398Z,"{Consectetur error vero culpa tempore velit nostrum fugit repudiandae.,Tempora quae sequi odio earum architecto et sed soluta excepturi.,Dolor vel exercitationem vel consectetur ut laudantium dicta veniam.,Tempora sed dolor velit.}",Doloremque quidem unde pariatur beatae.,true
4,4,2023-08-01T14:41:23.053Z,"{Sunt maxime ipsa.,Sed ex nisi sunt recusandae est eveniet sapiente.,Neque totam nam omnis aut.,Quasi sunt exercitationem illum explicabo.}",Suscipit cumque blanditiis voluptas qui minima explicabo amet quo.,false
22,1,2023-05-06T00:52:42.831Z,"{Impedit ex repellendus placeat quaerat.,Eius delectus maiores quaerat quasi.,Asperiores praesentium libero atque quos mollitia reiciendis.,Perspiciatis enim magnam cupiditate explicabo totam ad corporis temporibus labore.}",Voluptatibus voluptate doloribus iusto.,false
18,1,2023-08-07T04:10:37.671Z,"{Numquam quasi perspiciatis fugit excepturi aperiam delectus.,Labore expedita aliquid eveniet.,Temporibus suscipit cumque nisi sed recusandae labore eligendi minus accusantium.,Aliquam magnam et perferendis est veritatis expedita.}",Libero suscipit vel exercitationem laudantium.,true
3,5,2023-07-10T04:16:41.094Z,"{Expedita aliquid rem.,Amet molestias alias vel fugiat.,Sint eos delectus cupiditate dolores eius cumque libero voluptatem.,Deleniti cumque neque nesciunt possimus sequi deserunt occaecati tenetur adipisci.}",Consequatur ab minima.,false
39,2,2023-12-29T07:23:44.989Z,"{Eligendi reiciendis recusandae illo.,Tenetur similique commodi ipsa quos quia in.,Velit ducimus minus.,Earum optio quam nemo ipsa pariatur iure illo temporibus.}",Accusantium ut occaecati consequatur veritatis tempore blanditiis asperiores.,true
17,3,2023-08-10T04:57:19.256Z,"{Eos quibusdam nam aliquam id.,Architecto quae optio.,Repudiandae facilis blanditiis.,Sequi eos perspiciatis nesciunt porro aliquam doloremque unde.}",Ipsa consectetur animi.,false
50,1,2023-11-22T03:48:15.102Z,"{Cum minus ipsum.,Earum quas sapiente a reiciendis.,Dolores unde voluptatem laborum.,Culpa minima fuga libero.}",Architecto quo maiores autem.,false
42,3,2023-05-10T03:23:58.276Z,"{Cumque expedita hic voluptas.,Est et tempora ea repellat.,Sed blanditiis sint fuga corporis fuga.,Voluptas laudantium laborum possimus assumenda ipsa.}",Nulla iste ducimus libero eum at.,false
21,2,2023-08-30T20:25:21.508Z,"{A earum facere vitae commodi ab.,Soluta occaecati natus doloremque laudantium repellendus hic soluta et in.,Ipsa sed quidem tempora dolor tempora.,Id velit adipisci laboriosam impedit nisi ex ipsum.}",Quae porro suscipit repudiandae perspiciatis rerum non vero alias.,true
29,2,2023-11-12T13:06:45.956Z,"{Dolorem modi dolor ratione adipisci laboriosam ipsum omnis ipsa.,Similique aspernatur esse fuga laudantium vel provident tempore.,Laudantium quaerat vitae tempore facere culpa quas.,Similique corrupti minima tempora iure eligendi incidunt.}",Non consectetur sunt impedit odio mollitia necessitatibus perspiciatis perspiciatis omnis.,false
20,1,2023-07-22T15:15:38.732Z,"{Necessitatibus natus veniam atque corporis amet.,Sed neque odit voluptatem minus nobis consectetur consequuntur cum.,Ullam quis nobis aut.,Itaque animi rerum neque odio sit.}",Veniam dolore ad aspernatur atque quas.,true
2,5,2023-09-04T23:01:22.454Z,"{Inventore tempora itaque quia iusto rerum excepturi laudantium laboriosam.,Molestiae ut quasi suscipit quasi accusamus hic quasi repellendus.,Dolor culpa culpa numquam.,Velit soluta corrupti dolorem minus omnis sunt ducimus ex.}",Consectetur molestias reprehenderit.,true
32,4,2023-11-20T18:00:44.892Z,"{Beatae dolor vero.,Incidunt alias repellat aperiam debitis.,Perspiciatis omnis magnam vitae.,Quo debitis at.}",Tenetur corrupti non dicta itaque minus ipsa tempora.,false
14,2,2023-09-24T10:42:13.563Z,"{Culpa corrupti a facere est.,Totam laborum quaerat eaque.,Dolor iste fugiat praesentium qui.,Exercitationem optio illo illo dolor autem suscipit ad ipsam repellat.}",Omnis veritatis alias temporibus blanditiis sunt tenetur doloremque.,false
50,2,2023-08-20T02:52:00.144Z,"{Perferendis optio cupiditate commodi.,Architecto sint unde temporibus.,Eum assumenda repudiandae doloribus magnam facere repellat animi cum at.,Corporis neque dolore voluptate inventore ut ipsam reprehenderit.}",Esse odio quam totam delectus voluptatibus voluptates ducimus non maxime.,false
32,2,2023-07-08T21:21:48.142Z,"{Repudiandae consectetur assumenda placeat quis consectetur animi pariatur in esse.,Corporis consequatur id odio.,Et molestiae ratione corrupti deserunt magni culpa.,Aut odit atque dignissimos dicta ea.}",Animi voluptates magnam aliquam expedita dolorum vel officiis perspiciatis tempora.,true
13,1,2023-06-13T07:12:39.836Z,"{Quo vitae illum voluptatem error vitae adipisci iusto.,Minima cupiditate quisquam.,Neque maiores quam cum recusandae.,Porro perferendis esse.}",Voluptas repellendus enim dolor cum.,false
4,2,2023-08-21T04:51:43.551Z,"{Quia rem eum ea voluptatum.,Distinctio harum excepturi a voluptas quia.,Aliquid deleniti magnam enim rerum inventore.,Maxime harum magnam debitis voluptatibus.}",Qui autem occaecati consectetur dolorem accusamus officiis animi eveniet earum.,false
22,5,2023-06-15T01:34:05.581Z,"{Doloremque adipisci magni dolorem ab laboriosam.,Delectus perferendis libero numquam vitae.,Accusantium quod quae vitae.,Delectus nesciunt a voluptates.}",Nesciunt architecto quis quibusdam eos officia alias voluptates.,false
14,5,2023-11-16T09:34:29.979Z,"{Illum impedit earum quibusdam odio.,Ab itaque quidem dolore.,Accusantium in officia nihil eveniet modi adipisci placeat deleniti.,Cupiditate soluta voluptate reiciendis cumque aliquid reiciendis labore debitis consequuntur.}",Deserunt placeat porro veniam reiciendis eveniet illo eaque.,false
43,1,2023-07-19T00:31:19.159Z,"{Natus nisi eaque amet quasi omnis fugiat nobis quidem.,Adipisci distinctio provident aspernatur nihil occaecati repellendus.,Ad nisi vel esse laudantium.,Rerum possimus aliquid eos praesentium deleniti architecto voluptatum soluta numquam.}",Assumenda facilis maxime.,true
13,5,2023-07-21T01:06:42.970Z,"{Corporis fugit fugiat sint facilis non ipsa.,Illum modi blanditiis odit inventore ipsum minus earum.,Quos molestiae tempore quia.,Laudantium repellat ullam beatae voluptates saepe maxime enim itaque fuga.}",Tempora facilis voluptas qui architecto.,false
21,3,2023-10-05T10:43:36.621Z,"{Blanditiis consequuntur blanditiis quia eos ipsam molestiae maxime autem.,Error ratione nam beatae quia et rem.,Laboriosam quam culpa cum molestias illo eos fuga ab corporis.,Debitis sit placeat aut quos voluptatum asperiores sequi.}",Quisquam nobis pariatur quibusdam optio sed repellat ratione commodi dolore.,true
31,2,2023-08-23T13:15:26.256Z,"{Eaque alias autem impedit commodi laudantium odio.,Molestias perferendis voluptates error quam omnis aliquid quam.,Quam voluptatum quidem dolorem cumque aperiam aut sint animi nobis.,Fugit minus a voluptatem nemo suscipit hic et.}",Deserunt aspernatur aspernatur aliquam maxime quis voluptas.,false
3,5,2023-07-05T00:03:34.202Z,"{Doloribus at voluptatibus fuga repudiandae consequatur omnis sed reprehenderit.,Temporibus culpa occaecati facilis quod.,Tenetur eius quos nesciunt non alias id aut quidem.,Ea ducimus fugit distinctio temporibus exercitationem fugiat aspernatur itaque unde.}",Eum beatae at quasi perferendis asperiores voluptatem explicabo.,true
19,2,2023-12-01T02:56:30.747Z,"{Quis iste eveniet odit at ratione dolores.,Cumque magni exercitationem minus amet.,Dolor deserunt est.,Quod explicabo quae dolorum commodi.}",Harum harum magni.,false
6,5,2023-10-03T20:43:19.501Z,"{Provident doloremque odit excepturi.,Earum doloremque similique voluptas eveniet reiciendis eligendi.,Soluta blanditiis corrupti.,Explicabo dicta saepe dolore minima labore reiciendis aperiam.}",Aperiam eaque voluptas nisi maiores aliquid.,false
43,2,2023-12-12T03:27:18.442Z,"{Eaque iure ab saepe sapiente ea rerum.,Saepe ea sit fuga maxime distinctio laborum occaecati architecto iusto.,Repellendus nobis at facere voluptate quaerat expedita.,Repudiandae aliquid veniam non cupiditate eligendi quidem.}",Sunt voluptatibus et iste nemo fugiat.,false
41,4,2023-05-20T10:50:57.136Z,"{Facere eveniet consequatur.,Itaque dolorem ullam quis fugit nihil incidunt.,Aliquid sint porro nam.,Doloribus dolores beatae dolores facilis architecto fugiat.}",Est soluta dicta vero corrupti sequi ipsa necessitatibus.,true
24,2,2023-12-17T06:30:48.899Z,"{Sapiente exercitationem rerum cum laudantium facere nostrum ipsa possimus nesciunt.,Commodi omnis dolore enim voluptatibus corporis unde officiis.,Provident quam ducimus.,Rerum sit sed at fugiat a error consequuntur.}",Quis eum maiores autem omnis mollitia pariatur.,false
